<?xml version='1.0' encoding='UTF-8'?>
<?metadataRepository version='1.2.0'?>
<repository name='/Users/ganesan/.p2/pool/.eclipseextension' type='org.eclipse.equinox.internal.p2.metadata.repository.LocalMetadataRepository' version='1.0.0'>
  <properties size='3'>
    <property name='p2.timestamp' value='1578587591101'/>
    <property name='org.eclipse.update.site.policy' value='MANAGED-ONLY'/>
    <property name='org.eclipse.update.site.list' value=''/>
  </properties>
  <references size='12'>
    <repository uri='http://update.eclemma.org/' url='http://update.eclemma.org/' type='0' options='0'/>
    <repository uri='http://update.eclemma.org/' url='http://update.eclemma.org/' type='1' options='0'/>
    <repository uri='https://download.eclipse.org/egit/updates' url='https://download.eclipse.org/egit/updates' type='0' options='0'/>
    <repository uri='https://download.eclipse.org/egit/updates' url='https://download.eclipse.org/egit/updates' type='1' options='0'/>
    <repository uri='http://download.eclipse.org/oomph/updates' url='http://download.eclipse.org/oomph/updates' type='1' options='0'/>
    <repository uri='http://download.eclipse.org/oomph/updates' url='http://download.eclipse.org/oomph/updates' type='0' options='0'/>
    <repository uri='http://download.eclipse.org/mylyn/releases/3.24' url='http://download.eclipse.org/mylyn/releases/3.24' type='0' options='0'/>
    <repository uri='http://download.eclipse.org/modeling/emf/emf/builds/' url='http://download.eclipse.org/modeling/emf/emf/builds/' type='1' options='0'/>
    <repository uri='http://download.eclipse.org/mylyn/releases/3.24' url='http://download.eclipse.org/mylyn/releases/3.24' type='1' options='0'/>
    <repository uri='http://download.eclipse.org/modeling/emf/emf/builds/' url='http://download.eclipse.org/modeling/emf/emf/builds/' type='0' options='0'/>
    <repository uri='http://download.eclipse.org/modeling/tmf/xtext/updates/composite/releases/' url='http://download.eclipse.org/modeling/tmf/xtext/updates/composite/releases/' type='1' options='0'/>
    <repository uri='http://download.eclipse.org/modeling/tmf/xtext/updates/composite/releases/' url='http://download.eclipse.org/modeling/tmf/xtext/updates/composite/releases/' type='0' options='0'/>
  </references>
  <units size='3'>
    <unit id='org.maven.ide.eclipse' version='1.13.0.20190716-1624'>
      <properties size='2'>
        <property name='org.eclipse.equinox.p2.name' value='This version of m2eclipse cannot be installed on top of the already installed m2eclipse. Uninstall the previous version of m2eclipse and try the install again.'/>
        <property name='maven-classifier' value='p2inf'/>
      </properties>
      <provides size='1'>
        <provided namespace='osgi.bundle' name='org.maven.ide.eclipse' version='1.13.0.20190716-1624'/>
      </provides>
      <touchpoint id='null' version='0.0.0'/>
    </unit>
    <unit id='com.mountainminds.eclemma.core' version='3.1.2.201903112331'>
      <properties size='3'>
        <property name='org.eclipse.equinox.p2.name' value='Old EclEmma version (com.mountainminds.eclemma) cannot be installed together with new (org.eclipse.eclemma). Uninstall currently installed version and try the install again.'/>
        <property name='org.eclipse.equinox.p2.provider' value='Eclipse EclEmma'/>
        <property name='maven-classifier' value='p2inf'/>
      </properties>
      <provides size='1'>
        <provided namespace='osgi.bundle' name='com.mountainminds.eclemma.core' version='3.1.2.201903112331'/>
      </provides>
      <touchpoint id='null' version='0.0.0'/>
    </unit>
    <unit id='org.eclipse.ecf.provider.filetransfer.ssl.translated_host_properties' version='1.0.100.v20180301-0132'>
      <hostRequirements size='1'>
        <required namespace='org.eclipse.equinox.p2.iu' name='org.eclipse.ecf.provider.filetransfer' range='2.0.0' greedy='false'/>
      </hostRequirements>
      <properties size='3'>
        <property name='org.eclipse.equinox.p2.type.fragment' value='true'/>
        <property name='df_LT.plugin.provider' value='Eclipse.org - ECF'/>
        <property name='df_LT.plugin.name' value='ECF Filetransfer SSL Fragment'/>
      </properties>
      <provides size='2'>
        <provided namespace='org.eclipse.equinox.p2.iu' name='org.eclipse.ecf.provider.filetransfer.ssl.translated_host_properties' version='1.0.100.v20180301-0132'/>
        <provided namespace='org.eclipse.equinox.p2.localization' name='df_LT' version='1.0.0'/>
      </provides>
      <requires size='1'>
        <required namespace='org.eclipse.equinox.p2.iu' name='org.eclipse.ecf.provider.filetransfer' range='2.0.0' greedy='false'/>
      </requires>
      <touchpoint id='null' version='0.0.0'/>
    </unit>
  </units>
</repository>
