<?xml version="1.0" encoding="UTF-8"?>
<config date="1578587563912" transient="false">
	<site updateable="true" url="file:/Users/ganesan/.p2/pool/" enabled="true" policy="MANAGED-ONLY">
		<feature id="org.testng.eclipse" version="7.0.0.201908240652" url="features/org.testng.eclipse_7.0.0.201908240652/">
		</feature>
		<feature id="org.testng.eclipse.maven.feature" version="7.0.0.201908240652" url="features/org.testng.eclipse.maven.feature_7.0.0.201908240652/">
		</feature>
		<feature id="org.testng.p2.feature" version="7.0.0.r201908191551" url="features/org.testng.p2.feature_7.0.0.r201908191551/">
		</feature>
	</site>
</config>
