<?xml version="1.0" encoding="UTF-8"?>
<java version="12.0.1" class="java.beans.XMLDecoder">
 <object class="org.eclipse.epp.internal.mpc.ui.catalog.MarketplaceInfo" id="MarketplaceInfo0">
  <void property="iuToNodeKey">
   <void method="put">
    <string>de.defmacro.dandelion.feature.sbcl.win32.x86</string>
    <object class="java.util.ArrayList">
     <void method="add">
      <string>http://marketplace.eclipse.org#3233881</string>
     </void>
    </object>
   </void>
   <void method="put">
    <string>org.jboss.tools.forge.m2e.feature</string>
    <object class="java.util.ArrayList">
     <void method="add">
      <string>http://marketplace.eclipse.org#1617241</string>
     </void>
    </object>
   </void>
   <void method="put">
    <string>org.jboss.tools.maven.project.examples.feature</string>
    <object class="java.util.ArrayList">
     <void method="add">
      <string>http://marketplace.eclipse.org#1617241</string>
     </void>
    </object>
   </void>
   <void method="put">
    <string>com.vaadin.designer.eclipse</string>
    <object class="java.util.ArrayList">
     <void method="add">
      <string>http://marketplace.eclipse.org#1023</string>
     </void>
    </object>
   </void>
   <void method="put">
    <string>MCUchain</string>
    <object class="java.util.ArrayList">
     <void method="add">
      <string>http://marketplace.eclipse.org#258988</string>
     </void>
    </object>
   </void>
   <void method="put">
    <string>org.brainwy.liclipsetext.feature</string>
    <object class="java.util.ArrayList">
     <void method="add">
      <string>http://marketplace.eclipse.org#2894763</string>
     </void>
    </object>
   </void>
   <void method="put">
    <string>org.eclipse.jsf.feature</string>
    <object class="java.util.ArrayList">
     <void method="add">
      <string>http://marketplace.eclipse.org#2963451</string>
     </void>
    </object>
   </void>
   <void method="put">
    <string>org.eclipse.buildship</string>
    <object class="java.util.ArrayList">
     <void method="add">
      <string>http://marketplace.eclipse.org#2306961</string>
     </void>
     <void method="add">
      <string>http://marketplace.eclipse.org#2963451</string>
     </void>
     <void method="add">
      <string>http://marketplace.eclipse.org#1617241</string>
     </void>
    </object>
   </void>
   <void method="put">
    <string>org.eclipse.egit</string>
    <object class="java.util.ArrayList">
     <void method="add">
      <string>http://marketplace.eclipse.org#2963451</string>
     </void>
     <void method="add">
      <string>http://marketplace.eclipse.org#2963400</string>
     </void>
    </object>
   </void>
   <void method="put">
    <string>org.eclipse.wst.web_ui.feature</string>
    <object class="java.util.ArrayList">
     <void method="add">
      <string>http://marketplace.eclipse.org#2963451</string>
     </void>
     <void method="add">
      <string>http://marketplace.eclipse.org#2963400</string>
     </void>
    </object>
   </void>
   <void method="put">
    <string>org.eclipse.mylyn_feature</string>
    <object class="java.util.ArrayList">
     <void method="add">
      <string>http://marketplace.eclipse.org#2963451</string>
     </void>
    </object>
   </void>
   <void method="put">
    <string>org.eclipse.wb.core.feature.feature.group</string>
    <object class="java.util.ArrayList">
     <void method="add">
      <string>http://marketplace.eclipse.org#3085446</string>
     </void>
    </object>
   </void>
   <void method="put">
    <string>org.eclipse.wb.core.xml.feature.feature.group</string>
    <object class="java.util.ArrayList">
     <void method="add">
      <string>http://marketplace.eclipse.org#3085446</string>
     </void>
    </object>
   </void>
   <void method="put">
    <string>org.eclipse.linuxtools.docker.feature</string>
    <object class="java.util.ArrayList">
     <void method="add">
      <string>http://marketplace.eclipse.org#2963451</string>
     </void>
     <void method="add">
      <string>http://marketplace.eclipse.org#1617241</string>
     </void>
    </object>
   </void>
   <void method="put">
    <string>org.jboss.tools.cdi.feature</string>
    <object class="java.util.ArrayList">
     <void method="add">
      <string>http://marketplace.eclipse.org#1617241</string>
     </void>
    </object>
   </void>
   <void method="put">
    <string>org.jboss.tools.foundation.feature</string>
    <object class="java.util.ArrayList">
     <void method="add">
      <string>http://marketplace.eclipse.org#1617241</string>
     </void>
    </object>
   </void>
   <void method="put">
    <string>org.jboss.tools.ws.jaxrs.feature</string>
    <object class="java.util.ArrayList">
     <void method="add">
      <string>http://marketplace.eclipse.org#1617241</string>
     </void>
    </object>
   </void>
   <void method="put">
    <string>org.eclipse.wb.swing.feature.feature.group</string>
    <object class="java.util.ArrayList">
     <void method="add">
      <string>http://marketplace.eclipse.org#3085446</string>
     </void>
    </object>
   </void>
   <void method="put">
    <string>org.jboss.tools.fuse.transformation.feature</string>
    <object class="java.util.ArrayList">
     <void method="add">
      <string>http://marketplace.eclipse.org#1617241</string>
     </void>
    </object>
   </void>
   <void method="put">
    <string>org.eclipse.m2e.wtp.feature</string>
    <object class="java.util.ArrayList">
     <void method="add">
      <string>http://marketplace.eclipse.org#2963451</string>
     </void>
    </object>
   </void>
   <void method="put">
    <string>org.jboss.tools.ws.jaxws.feature</string>
    <object class="java.util.ArrayList">
     <void method="add">
      <string>http://marketplace.eclipse.org#1617241</string>
     </void>
    </object>
   </void>
   <void method="put">
    <string>org.eclipse.jpt.common.feature</string>
    <object class="java.util.ArrayList">
     <void method="add">
      <string>http://marketplace.eclipse.org#2963451</string>
     </void>
    </object>
   </void>
   <void method="put">
    <string>org.jboss.tools.project.examples.feature</string>
    <object class="java.util.ArrayList">
     <void method="add">
      <string>http://marketplace.eclipse.org#1617241</string>
     </void>
    </object>
   </void>
   <void method="put">
    <string>org.antlr.v4</string>
    <object class="java.util.ArrayList">
     <void method="add">
      <string>http://marketplace.eclipse.org#945</string>
     </void>
    </object>
   </void>
   <void method="put">
    <string>jsonedit-feature</string>
    <object class="java.util.ArrayList">
     <void method="add">
      <string>http://marketplace.eclipse.org#945</string>
     </void>
    </object>
   </void>
   <void method="put">
    <string>org.eclipse.wb.swing.doc.user.feature.feature.group</string>
    <object class="java.util.ArrayList">
     <void method="add">
      <string>http://marketplace.eclipse.org#3085446</string>
     </void>
    </object>
   </void>
   <void method="put">
    <string>org.eclipse.cvs</string>
    <object class="java.util.ArrayList">
     <void method="add">
      <string>http://marketplace.eclipse.org#2963451</string>
     </void>
     <void method="add">
      <string>http://marketplace.eclipse.org#2963400</string>
     </void>
    </object>
   </void>
   <void method="put">
    <string>MCUprog</string>
    <object class="java.util.ArrayList">
     <void method="add">
      <string>http://marketplace.eclipse.org#258988</string>
     </void>
    </object>
   </void>
   <void method="put">
    <string>org.eclipse.wildwebdeveloper.feature</string>
    <object class="java.util.ArrayList">
     <void method="add">
      <string>http://marketplace.eclipse.org#3394048</string>
     </void>
     <void method="add">
      <string>http://marketplace.eclipse.org#2963451</string>
     </void>
     <void method="add">
      <string>http://marketplace.eclipse.org#2963400</string>
     </void>
    </object>
   </void>
   <void method="put">
    <string>org.jboss.tools.websockets.feature</string>
    <object class="java.util.ArrayList">
     <void method="add">
      <string>http://marketplace.eclipse.org#1617241</string>
     </void>
    </object>
   </void>
   <void method="put">
    <string>de.defmacro.dandelion.feature.sbcl.mac.intel</string>
    <object class="java.util.ArrayList">
     <void method="add">
      <string>http://marketplace.eclipse.org#3233881</string>
     </void>
    </object>
   </void>
   <void method="put">
    <string>org.eclipse.jpt.jaxb.eclipselink.feature</string>
    <object class="java.util.ArrayList">
     <void method="add">
      <string>http://marketplace.eclipse.org#2963451</string>
     </void>
    </object>
   </void>
   <void method="put">
    <string>org.eclipse.wb.rcp.doc.user.feature.feature.group</string>
    <object class="java.util.ArrayList">
     <void method="add">
      <string>http://marketplace.eclipse.org#3085446</string>
     </void>
    </object>
   </void>
   <void method="put">
    <string>com.vaadin.integration.eclipse</string>
    <object class="java.util.ArrayList">
     <void method="add">
      <string>http://marketplace.eclipse.org#1023</string>
     </void>
    </object>
   </void>
   <void method="put">
    <string>org.fusesource.ide.server.extensions.feature</string>
    <object class="java.util.ArrayList">
     <void method="add">
      <string>http://marketplace.eclipse.org#1617241</string>
     </void>
    </object>
   </void>
   <void method="put">
    <string>org.fusesource.ide.jmx.feature</string>
    <object class="java.util.ArrayList">
     <void method="add">
      <string>http://marketplace.eclipse.org#1617241</string>
     </void>
    </object>
   </void>
   <void method="put">
    <string>org.eclipse.jst.server_ui.feature</string>
    <object class="java.util.ArrayList">
     <void method="add">
      <string>http://marketplace.eclipse.org#2963451</string>
     </void>
    </object>
   </void>
   <void method="put">
    <string>org.jboss.tools.openshift.cdk.feature</string>
    <object class="java.util.ArrayList">
     <void method="add">
      <string>http://marketplace.eclipse.org#1617241</string>
     </void>
    </object>
   </void>
   <void method="put">
    <string>org.jboss.tools.maven.cdi.feature</string>
    <object class="java.util.ArrayList">
     <void method="add">
      <string>http://marketplace.eclipse.org#1617241</string>
     </void>
    </object>
   </void>
   <void method="put">
    <string>com.vaadin.designer2.eclipse</string>
    <object class="java.util.ArrayList">
     <void method="add">
      <string>http://marketplace.eclipse.org#1023</string>
     </void>
    </object>
   </void>
   <void method="put">
    <string>org.eclipse.wb.xwt.feature.feature.group</string>
    <object class="java.util.ArrayList">
     <void method="add">
      <string>http://marketplace.eclipse.org#3085446</string>
     </void>
    </object>
   </void>
   <void method="put">
    <string>org.agileware.natural.jbehave.feature</string>
    <object class="java.util.ArrayList">
     <void method="add">
      <string>http://marketplace.eclipse.org#2427135</string>
     </void>
    </object>
   </void>
   <void method="put">
    <string>org.eclipse.jst.ws.cxf.feature</string>
    <object class="java.util.ArrayList">
     <void method="add">
      <string>http://marketplace.eclipse.org#2963451</string>
     </void>
    </object>
   </void>
   <void method="put">
    <string>org.jboss.tools.jmx.feature</string>
    <object class="java.util.ArrayList">
     <void method="add">
      <string>http://marketplace.eclipse.org#1617241</string>
     </void>
    </object>
   </void>
   <void method="put">
    <string>org.eclipse.m2e.wtp.jsf.feature</string>
    <object class="java.util.ArrayList">
     <void method="add">
      <string>http://marketplace.eclipse.org#2963451</string>
     </void>
    </object>
   </void>
   <void method="put">
    <string>de.defmacro.dandelion.feature.clisp.win32.x86</string>
    <object class="java.util.ArrayList">
     <void method="add">
      <string>http://marketplace.eclipse.org#3233881</string>
     </void>
    </object>
   </void>
   <void method="put">
    <string>org.jboss.tools.maven.sourcelookup.feature</string>
    <object class="java.util.ArrayList">
     <void method="add">
      <string>http://marketplace.eclipse.org#1617241</string>
     </void>
    </object>
   </void>
   <void method="put">
    <string>de.defmacro.dandelion.feature.clisp.linux.x86</string>
    <object class="java.util.ArrayList">
     <void method="add">
      <string>http://marketplace.eclipse.org#3233881</string>
     </void>
    </object>
   </void>
   <void method="put">
    <string>com.genuitec.eclipse.code.feature</string>
    <object class="java.util.ArrayList">
     <void method="add">
      <string>http://marketplace.eclipse.org#4805355</string>
     </void>
    </object>
   </void>
   <void method="put">
    <string>org.jboss.tools.forge.feature</string>
    <object class="java.util.ArrayList">
     <void method="add">
      <string>http://marketplace.eclipse.org#1617241</string>
     </void>
    </object>
   </void>
   <void method="put">
    <string>com.genuitec.eclipse.code.pack.go</string>
    <object class="java.util.ArrayList">
     <void method="add">
      <string>http://marketplace.eclipse.org#4805355</string>
     </void>
    </object>
   </void>
   <void method="put">
    <string>org.eclipse.wb.swt.feature.feature.group</string>
    <object class="java.util.ArrayList">
     <void method="add">
      <string>http://marketplace.eclipse.org#3085446</string>
     </void>
    </object>
   </void>
   <void method="put">
    <string>org.eclipse.jst.web_ui.feature</string>
    <object class="java.util.ArrayList">
     <void method="add">
      <string>http://marketplace.eclipse.org#2963451</string>
     </void>
    </object>
   </void>
   <void method="put">
    <string>org.eclipse.wst.xsl.feature</string>
    <object class="java.util.ArrayList">
     <void method="add">
      <string>http://marketplace.eclipse.org#2963451</string>
     </void>
     <void method="add">
      <string>http://marketplace.eclipse.org#2963400</string>
     </void>
    </object>
   </void>
   <void method="put">
    <string>org.jboss.tools.foundation.security.linux.feature</string>
    <object class="java.util.ArrayList">
     <void method="add">
      <string>http://marketplace.eclipse.org#1617241</string>
     </void>
    </object>
   </void>
   <void method="put">
    <string>org.eclipse.jst.enterprise_ui.feature</string>
    <object class="java.util.ArrayList">
     <void method="add">
      <string>http://marketplace.eclipse.org#2963451</string>
     </void>
    </object>
   </void>
   <void method="put">
    <string>org.jboss.tools.openshift.feature</string>
    <object class="java.util.ArrayList">
     <void method="add">
      <string>http://marketplace.eclipse.org#1617241</string>
     </void>
    </object>
   </void>
   <void method="put">
    <string>org.jboss.tools.common.launcher.feature</string>
    <object class="java.util.ArrayList">
     <void method="add">
      <string>http://marketplace.eclipse.org#1617241</string>
     </void>
    </object>
   </void>
   <void method="put">
    <string>org.eclipse.jpt.jaxb.feature</string>
    <object class="java.util.ArrayList">
     <void method="add">
      <string>http://marketplace.eclipse.org#2963451</string>
     </void>
    </object>
   </void>
   <void method="put">
    <string>org.eclipse.jst.ws.jaxws.dom.feature</string>
    <object class="java.util.ArrayList">
     <void method="add">
      <string>http://marketplace.eclipse.org#2963451</string>
     </void>
    </object>
   </void>
   <void method="put">
    <string>org.eclipse.jst.ws.axis2tools.feature</string>
    <object class="java.util.ArrayList">
     <void method="add">
      <string>http://marketplace.eclipse.org#2963451</string>
     </void>
    </object>
   </void>
   <void method="put">
    <string>org.eclipse.epp.logging.aeri.feature</string>
    <object class="java.util.ArrayList">
     <void method="add">
      <string>http://marketplace.eclipse.org#2963451</string>
     </void>
     <void method="add">
      <string>http://marketplace.eclipse.org#2963400</string>
     </void>
    </object>
   </void>
   <void method="put">
    <string>org.fusesource.ide.syndesis.extension.feature</string>
    <object class="java.util.ArrayList">
     <void method="add">
      <string>http://marketplace.eclipse.org#1617241</string>
     </void>
    </object>
   </void>
   <void method="put">
    <string>org.eclipse.jst.server_adapters.ext.feature</string>
    <object class="java.util.ArrayList">
     <void method="add">
      <string>http://marketplace.eclipse.org#2963451</string>
     </void>
    </object>
   </void>
   <void method="put">
    <string>org.jboss.tools.common.jdt.feature</string>
    <object class="java.util.ArrayList">
     <void method="add">
      <string>http://marketplace.eclipse.org#1617241</string>
     </void>
    </object>
   </void>
   <void method="put">
    <string>org.jboss.tools.jst.jsdt.feature</string>
    <object class="java.util.ArrayList">
     <void method="add">
      <string>http://marketplace.eclipse.org#1617241</string>
     </void>
    </object>
   </void>
   <void method="put">
    <string>org.yakindu.sct</string>
    <object class="java.util.ArrayList">
     <void method="add">
      <string>http://marketplace.eclipse.org#588773</string>
     </void>
    </object>
   </void>
   <void method="put">
    <string>org.eclipse.jpt.jpa.eclipselink.feature</string>
    <object class="java.util.ArrayList">
     <void method="add">
      <string>http://marketplace.eclipse.org#2963451</string>
     </void>
    </object>
   </void>
   <void method="put">
    <string>org.jboss.tools.vpe.feature</string>
    <object class="java.util.ArrayList">
     <void method="add">
      <string>http://marketplace.eclipse.org#1617241</string>
     </void>
    </object>
   </void>
   <void method="put">
    <string>org.eclipse.wst.jsdt.chromium.debug.feature</string>
    <object class="java.util.ArrayList">
     <void method="add">
      <string>http://marketplace.eclipse.org#1617241</string>
     </void>
    </object>
   </void>
   <void method="put">
    <string>org.jkiss.dbeaver.ext.debug.feature</string>
    <object class="java.util.ArrayList">
     <void method="add">
      <string>http://marketplace.eclipse.org#3956172</string>
     </void>
    </object>
   </void>
   <void method="put">
    <string>org.jboss.tools.stacks.core.feature</string>
    <object class="java.util.ArrayList">
     <void method="add">
      <string>http://marketplace.eclipse.org#1617241</string>
     </void>
    </object>
   </void>
   <void method="put">
    <string>org.yakindu.sct.generator.c.feature.group</string>
    <object class="java.util.ArrayList">
     <void method="add">
      <string>http://marketplace.eclipse.org#588773</string>
     </void>
    </object>
   </void>
   <void method="put">
    <string>org.eclipse.m2e.wtp.jpa.feature</string>
    <object class="java.util.ArrayList">
     <void method="add">
      <string>http://marketplace.eclipse.org#2963451</string>
     </void>
    </object>
   </void>
   <void method="put">
    <string>org.eclipse.m2e.logback.feature</string>
    <object class="java.util.ArrayList">
     <void method="add">
      <string>http://marketplace.eclipse.org#2963451</string>
     </void>
    </object>
   </void>
   <void method="put">
    <string>org.eclipse.wst.xml_ui.feature</string>
    <object class="java.util.ArrayList">
     <void method="add">
      <string>http://marketplace.eclipse.org#2963451</string>
     </void>
     <void method="add">
      <string>http://marketplace.eclipse.org#2963400</string>
     </void>
    </object>
   </void>
   <void method="put">
    <string>MCUbench</string>
    <object class="java.util.ArrayList">
     <void method="add">
      <string>http://marketplace.eclipse.org#258988</string>
     </void>
    </object>
   </void>
   <void method="put">
    <string>org.jboss.tools.maven.springboot.feature</string>
    <object class="java.util.ArrayList">
     <void method="add">
      <string>http://marketplace.eclipse.org#1617241</string>
     </void>
    </object>
   </void>
   <void method="put">
    <string>org.agileware.natural.cucumber.feature</string>
    <object class="java.util.ArrayList">
     <void method="add">
      <string>http://marketplace.eclipse.org#2427135</string>
     </void>
    </object>
   </void>
   <void method="put">
    <string>com.jboss.devstudio.fuse.feature</string>
    <object class="java.util.ArrayList">
     <void method="add">
      <string>http://marketplace.eclipse.org#1616973</string>
     </void>
    </object>
   </void>
   <void method="put">
    <string>org.eclipse.jst.ws.jaxws.feature</string>
    <object class="java.util.ArrayList">
     <void method="add">
      <string>http://marketplace.eclipse.org#2963451</string>
     </void>
    </object>
   </void>
   <void method="put">
    <string>org.fusesource.ide.camel.editor.feature</string>
    <object class="java.util.ArrayList">
     <void method="add">
      <string>http://marketplace.eclipse.org#1617241</string>
     </void>
    </object>
   </void>
   <void method="put">
    <string>org.jboss.tools.jst.angularjs.feature</string>
    <object class="java.util.ArrayList">
     <void method="add">
      <string>http://marketplace.eclipse.org#1617241</string>
     </void>
    </object>
   </void>
   <void method="put">
    <string>org.jboss.tools.runtime.core.feature</string>
    <object class="java.util.ArrayList">
     <void method="add">
      <string>http://marketplace.eclipse.org#1617241</string>
     </void>
    </object>
   </void>
   <void method="put">
    <string>org.jboss.tools.batch.feature</string>
    <object class="java.util.ArrayList">
     <void method="add">
      <string>http://marketplace.eclipse.org#1617241</string>
     </void>
    </object>
   </void>
   <void method="put">
    <string>org.eclipse.wb.layout.group.feature.feature.group</string>
    <object class="java.util.ArrayList">
     <void method="add">
      <string>http://marketplace.eclipse.org#3085446</string>
     </void>
    </object>
   </void>
   <void method="put">
    <string>org.jboss.tools.cdi.deltaspike.feature</string>
    <object class="java.util.ArrayList">
     <void method="add">
      <string>http://marketplace.eclipse.org#1617241</string>
     </void>
    </object>
   </void>
   <void method="put">
    <string>com.yakindu.sct.license.standard.feature.feature.group</string>
    <object class="java.util.ArrayList">
     <void method="add">
      <string>http://marketplace.eclipse.org#588773</string>
     </void>
    </object>
   </void>
   <void method="put">
    <string>org.eclipse.wb.rcp.SWT_AWT_support.feature.group</string>
    <object class="java.util.ArrayList">
     <void method="add">
      <string>http://marketplace.eclipse.org#3085446</string>
     </void>
    </object>
   </void>
   <void method="put">
    <string>org.eclipse.mylyn.ide_feature</string>
    <object class="java.util.ArrayList">
     <void method="add">
      <string>http://marketplace.eclipse.org#2963451</string>
     </void>
    </object>
   </void>
   <void method="put">
    <string>org.eclipse.wst.json_ui.feature</string>
    <object class="java.util.ArrayList">
     <void method="add">
      <string>http://marketplace.eclipse.org#1617241</string>
     </void>
    </object>
   </void>
   <void method="put">
    <string>org.hibernate.eclipse.feature</string>
    <object class="java.util.ArrayList">
     <void method="add">
      <string>http://marketplace.eclipse.org#1617241</string>
     </void>
    </object>
   </void>
   <void method="put">
    <string>de.defmacro.dandelion.feature.clisp.mac.intel</string>
    <object class="java.util.ArrayList">
     <void method="add">
      <string>http://marketplace.eclipse.org#3233881</string>
     </void>
    </object>
   </void>
   <void method="put">
    <string>org.eclipse.jst.server_adapters.feature</string>
    <object class="java.util.ArrayList">
     <void method="add">
      <string>http://marketplace.eclipse.org#2963451</string>
     </void>
    </object>
   </void>
   <void method="put">
    <string>com.jboss.devstudio.core.feature</string>
    <object class="java.util.ArrayList">
     <void method="add">
      <string>http://marketplace.eclipse.org#1616973</string>
     </void>
    </object>
   </void>
   <void method="put">
    <string>org.eclipse.jst.webpageeditor.feature</string>
    <object class="java.util.ArrayList">
     <void method="add">
      <string>http://marketplace.eclipse.org#2963451</string>
     </void>
    </object>
   </void>
   <void method="put">
    <string>org.eclipse.m2e.feature</string>
    <object class="java.util.ArrayList">
     <void method="add">
      <string>http://marketplace.eclipse.org#2963451</string>
     </void>
    </object>
   </void>
   <void method="put">
    <string>org.eclipse.wb.core.ui.feature.feature.group</string>
    <object class="java.util.ArrayList">
     <void method="add">
      <string>http://marketplace.eclipse.org#3085446</string>
     </void>
    </object>
   </void>
   <void method="put">
    <string>de.defmacro.dandelion.feature.clisp.mac.ppc</string>
    <object class="java.util.ArrayList">
     <void method="add">
      <string>http://marketplace.eclipse.org#3233881</string>
     </void>
    </object>
   </void>
   <void method="put">
    <string>org.jboss.tools.maven.jbosspackaging.feature</string>
    <object class="java.util.ArrayList">
     <void method="add">
      <string>http://marketplace.eclipse.org#1617241</string>
     </void>
    </object>
   </void>
   <void method="put">
    <string>de.defmacro.dandelion.feature.sbcl.linux.x86</string>
    <object class="java.util.ArrayList">
     <void method="add">
      <string>http://marketplace.eclipse.org#3233881</string>
     </void>
    </object>
   </void>
   <void method="put">
    <string>org.jboss.tools.forge.ext.feature</string>
    <object class="java.util.ArrayList">
     <void method="add">
      <string>http://marketplace.eclipse.org#1617241</string>
     </void>
    </object>
   </void>
   <void method="put">
    <string>org.eclipse.epp.mpc</string>
    <object class="java.util.ArrayList">
     <void method="add">
      <string>http://marketplace.eclipse.org#4123770</string>
     </void>
    </object>
   </void>
   <void method="put">
    <string>org.eclipse.mylyn.git</string>
    <object class="java.util.ArrayList">
     <void method="add">
      <string>http://marketplace.eclipse.org#2963451</string>
     </void>
    </object>
   </void>
   <void method="put">
    <string>org.jboss.tools.jsf.feature</string>
    <object class="java.util.ArrayList">
     <void method="add">
      <string>http://marketplace.eclipse.org#1617241</string>
     </void>
    </object>
   </void>
   <void method="put">
    <string>org.jboss.tools.openshift.js.feature</string>
    <object class="java.util.ArrayList">
     <void method="add">
      <string>http://marketplace.eclipse.org#1617241</string>
     </void>
    </object>
   </void>
   <void method="put">
    <string>org.eclipse.cft.server.ui.feature</string>
    <object class="java.util.ArrayList">
     <void method="add">
      <string>http://marketplace.eclipse.org#2963451</string>
     </void>
    </object>
   </void>
   <void method="put">
    <string>org.eclipse.recommenders.snipmatch.rcp.feature</string>
    <object class="java.util.ArrayList">
     <void method="add">
      <string>http://marketplace.eclipse.org#1617241</string>
     </void>
    </object>
   </void>
   <void method="put">
    <string>org.fusesource.ide.core.feature</string>
    <object class="java.util.ArrayList">
     <void method="add">
      <string>http://marketplace.eclipse.org#1617241</string>
     </void>
    </object>
   </void>
   <void method="put">
    <string>org.eclipse.wst.server_adapters.feature</string>
    <object class="java.util.ArrayList">
     <void method="add">
      <string>http://marketplace.eclipse.org#2963451</string>
     </void>
     <void method="add">
      <string>http://marketplace.eclipse.org#2963400</string>
     </void>
    </object>
   </void>
   <void method="put">
    <string>org.eclipse.m2e.wtp.jaxrs.feature</string>
    <object class="java.util.ArrayList">
     <void method="add">
      <string>http://marketplace.eclipse.org#2963451</string>
     </void>
    </object>
   </void>
   <void method="put">
    <string>org.eclipse.wb.rcp.feature.feature.group</string>
    <object class="java.util.ArrayList">
     <void method="add">
      <string>http://marketplace.eclipse.org#3085446</string>
     </void>
    </object>
   </void>
   <void method="put">
    <string>cucumber.eclipse.feature</string>
    <object class="java.util.ArrayList">
     <void method="add">
      <string>http://marketplace.eclipse.org#3759385</string>
     </void>
    </object>
   </void>
   <void method="put">
    <string>org.jboss.tools.community.central.feature</string>
    <object class="java.util.ArrayList">
     <void method="add">
      <string>http://marketplace.eclipse.org#1617241</string>
     </void>
    </object>
   </void>
   <void method="put">
    <string>de.defmacro.dandelion.feature.sbcl.mac.ppc</string>
    <object class="java.util.ArrayList">
     <void method="add">
      <string>http://marketplace.eclipse.org#3233881</string>
     </void>
    </object>
   </void>
   <void method="put">
    <string>org.eclipse.wb.core.java.feature.feature.group</string>
    <object class="java.util.ArrayList">
     <void method="add">
      <string>http://marketplace.eclipse.org#3085446</string>
     </void>
    </object>
   </void>
   <void method="put">
    <string>MCUhelp.gcc</string>
    <object class="java.util.ArrayList">
     <void method="add">
      <string>http://marketplace.eclipse.org#258988</string>
     </void>
    </object>
   </void>
   <void method="put">
    <string>org.jboss.tools.maven.hibernate.feature</string>
    <object class="java.util.ArrayList">
     <void method="add">
      <string>http://marketplace.eclipse.org#1617241</string>
     </void>
    </object>
   </void>
   <void method="put">
    <string>de.toem.impulse.ports.embedded.feature</string>
    <object class="java.util.ArrayList">
     <void method="add">
      <string>http://marketplace.eclipse.org#3773475</string>
     </void>
    </object>
   </void>
   <void method="put">
    <string>org.eclipse.wb.doc.user.feature.feature.group</string>
    <object class="java.util.ArrayList">
     <void method="add">
      <string>http://marketplace.eclipse.org#3085446</string>
     </void>
    </object>
   </void>
   <void method="put">
    <string>org.eclipse.jst.jsf.apache.trinidad.tagsupport.feature</string>
    <object class="java.util.ArrayList">
     <void method="add">
      <string>http://marketplace.eclipse.org#2963451</string>
     </void>
    </object>
   </void>
   <void method="put">
    <string>org.jboss.ide.eclipse.as.feature</string>
    <object class="java.util.ArrayList">
     <void method="add">
      <string>http://marketplace.eclipse.org#1617241</string>
     </void>
    </object>
   </void>
   <void method="put">
    <string>org.jboss.ide.eclipse.archives.feature</string>
    <object class="java.util.ArrayList">
     <void method="add">
      <string>http://marketplace.eclipse.org#1617241</string>
     </void>
    </object>
   </void>
   <void method="put">
    <string>org.jboss.tools.usage.feature</string>
    <object class="java.util.ArrayList">
     <void method="add">
      <string>http://marketplace.eclipse.org#1617241</string>
     </void>
    </object>
   </void>
   <void method="put">
    <string>org.earthsystemmodeling.cupid.feature</string>
    <object class="java.util.ArrayList">
     <void method="add">
      <string>http://marketplace.eclipse.org#2604393</string>
     </void>
    </object>
   </void>
   <void method="put">
    <string>org.jboss.tools.wtp.runtimes.tomcat.feature</string>
    <object class="java.util.ArrayList">
     <void method="add">
      <string>http://marketplace.eclipse.org#1617241</string>
     </void>
    </object>
   </void>
   <void method="put">
    <string>MCUhelp.binutils</string>
    <object class="java.util.ArrayList">
     <void method="add">
      <string>http://marketplace.eclipse.org#258988</string>
     </void>
    </object>
   </void>
   <void method="put">
    <string>org.yakindu.sct.generator.cpp.feature.group</string>
    <object class="java.util.ArrayList">
     <void method="add">
      <string>http://marketplace.eclipse.org#588773</string>
     </void>
    </object>
   </void>
   <void method="put">
    <string>org.eclipse.tips.feature</string>
    <object class="java.util.ArrayList">
     <void method="add">
      <string>http://marketplace.eclipse.org#2963451</string>
     </void>
     <void method="add">
      <string>http://marketplace.eclipse.org#2963400</string>
     </void>
    </object>
   </void>
   <void method="put">
    <string>org.jboss.tools.community.project.examples.feature</string>
    <object class="java.util.ArrayList">
     <void method="add">
      <string>http://marketplace.eclipse.org#1617241</string>
     </void>
    </object>
   </void>
   <void method="put">
    <string>org.eclipse.tm.terminal.feature</string>
    <object class="java.util.ArrayList">
     <void method="add">
      <string>http://marketplace.eclipse.org#2963451</string>
     </void>
     <void method="add">
      <string>http://marketplace.eclipse.org#2963400</string>
     </void>
    </object>
   </void>
   <void method="put">
    <string>org.jboss.tools.maven.apt.feature</string>
    <object class="java.util.ArrayList">
     <void method="add">
      <string>http://marketplace.eclipse.org#1617241</string>
     </void>
    </object>
   </void>
   <void method="put">
    <string>org.eclipse.jpt.common.eclipselink.feature</string>
    <object class="java.util.ArrayList">
     <void method="add">
      <string>http://marketplace.eclipse.org#2963451</string>
     </void>
    </object>
   </void>
   <void method="put">
    <string>io.snyk.scanner</string>
    <object class="java.util.ArrayList">
     <void method="add">
      <string>http://marketplace.eclipse.org#4706981</string>
     </void>
    </object>
   </void>
   <void method="put">
    <string>org.eclipse.mylyn.context_feature</string>
    <object class="java.util.ArrayList">
     <void method="add">
      <string>http://marketplace.eclipse.org#2963451</string>
     </void>
    </object>
   </void>
   <void method="put">
    <string>org.eclipse.wst.json_core.feature</string>
    <object class="java.util.ArrayList">
     <void method="add">
      <string>http://marketplace.eclipse.org#1617241</string>
     </void>
    </object>
   </void>
   <void method="put">
    <string>org.jboss.tools.maven.feature</string>
    <object class="java.util.ArrayList">
     <void method="add">
      <string>http://marketplace.eclipse.org#1617241</string>
     </void>
    </object>
   </void>
   <void method="put">
    <string>org.yakindu.sct.generator.java.feature.group</string>
    <object class="java.util.ArrayList">
     <void method="add">
      <string>http://marketplace.eclipse.org#588773</string>
     </void>
    </object>
   </void>
   <void method="put">
    <string>org.jboss.tools.openshift.egit.integration.feature</string>
    <object class="java.util.ArrayList">
     <void method="add">
      <string>http://marketplace.eclipse.org#1617241</string>
     </void>
    </object>
   </void>
   <void method="put">
    <string>org.eclipse.wst.xml.xpath2.processor.feature</string>
    <object class="java.util.ArrayList">
     <void method="add">
      <string>http://marketplace.eclipse.org#2963451</string>
     </void>
    </object>
   </void>
   <void method="put">
    <string>org.jboss.tools.maven.jdt.feature</string>
    <object class="java.util.ArrayList">
     <void method="add">
      <string>http://marketplace.eclipse.org#1617241</string>
     </void>
    </object>
   </void>
   <void method="put">
    <string>org.jboss.tools.jst.feature</string>
    <object class="java.util.ArrayList">
     <void method="add">
      <string>http://marketplace.eclipse.org#1617241</string>
     </void>
    </object>
   </void>
   <void method="put">
    <string>org.eclipse.wst.jsdt.feature</string>
    <object class="java.util.ArrayList">
     <void method="add">
      <string>http://marketplace.eclipse.org#2963451</string>
     </void>
     <void method="add">
      <string>http://marketplace.eclipse.org#2963400</string>
     </void>
     <void method="add">
      <string>http://marketplace.eclipse.org#1617241</string>
     </void>
    </object>
   </void>
   <void method="put">
    <string>org.jboss.tools.richfaces.feature</string>
    <object class="java.util.ArrayList">
     <void method="add">
      <string>http://marketplace.eclipse.org#1617241</string>
     </void>
    </object>
   </void>
  </void>
  <void property="nodeKeyToIU">
   <void method="put">
    <string>http://marketplace.eclipse.org#2306961</string>
    <object class="java.util.ArrayList">
     <void method="add">
      <string>org.eclipse.buildship</string>
     </void>
    </object>
   </void>
   <void method="put">
    <string>http://marketplace.eclipse.org#2894763</string>
    <object class="java.util.ArrayList">
     <void method="add">
      <string>org.brainwy.liclipsetext.feature</string>
     </void>
    </object>
   </void>
   <void method="put">
    <string>http://marketplace.eclipse.org#4123770</string>
    <object class="java.util.ArrayList">
     <void method="add">
      <string>org.eclipse.epp.mpc</string>
     </void>
    </object>
   </void>
   <void method="put">
    <string>http://marketplace.eclipse.org#4805355</string>
    <object class="java.util.ArrayList">
     <void method="add">
      <string>com.genuitec.eclipse.code.pack.go</string>
     </void>
     <void method="add">
      <string>com.genuitec.eclipse.code.feature</string>
     </void>
    </object>
   </void>
   <void method="put">
    <string>http://marketplace.eclipse.org#3394048</string>
    <object class="java.util.ArrayList">
     <void method="add">
      <string>org.eclipse.wildwebdeveloper.feature</string>
     </void>
    </object>
   </void>
   <void method="put">
    <string>http://marketplace.eclipse.org#3085446</string>
    <object class="java.util.ArrayList">
     <void method="add">
      <string>org.eclipse.wb.swing.feature.feature.group</string>
     </void>
     <void method="add">
      <string>org.eclipse.wb.swing.doc.user.feature.feature.group</string>
     </void>
     <void method="add">
      <string>org.eclipse.wb.rcp.feature.feature.group</string>
     </void>
     <void method="add">
      <string>org.eclipse.wb.swt.feature.feature.group</string>
     </void>
     <void method="add">
      <string>org.eclipse.wb.rcp.doc.user.feature.feature.group</string>
     </void>
     <void method="add">
      <string>org.eclipse.wb.rcp.SWT_AWT_support.feature.group</string>
     </void>
     <void method="add">
      <string>org.eclipse.wb.xwt.feature.feature.group</string>
     </void>
     <void method="add">
      <string>org.eclipse.wb.core.feature.feature.group</string>
     </void>
     <void method="add">
      <string>org.eclipse.wb.doc.user.feature.feature.group</string>
     </void>
     <void method="add">
      <string>org.eclipse.wb.core.ui.feature.feature.group</string>
     </void>
     <void method="add">
      <string>org.eclipse.wb.layout.group.feature.feature.group</string>
     </void>
     <void method="add">
      <string>org.eclipse.wb.core.java.feature.feature.group</string>
     </void>
     <void method="add">
      <string>org.eclipse.wb.core.xml.feature.feature.group</string>
     </void>
    </object>
   </void>
   <void method="put">
    <string>http://marketplace.eclipse.org#1616973</string>
    <object class="java.util.ArrayList">
     <void method="add">
      <string>com.jboss.devstudio.core.feature</string>
     </void>
     <void method="add">
      <string>com.jboss.devstudio.fuse.feature</string>
     </void>
    </object>
   </void>
   <void method="put">
    <string>http://marketplace.eclipse.org#945</string>
    <object class="java.util.ArrayList">
     <void method="add">
      <string>org.antlr.v4</string>
     </void>
     <void method="add">
      <string>jsonedit-feature</string>
     </void>
    </object>
   </void>
   <void method="put">
    <string>http://marketplace.eclipse.org#2963451</string>
    <object class="java.util.ArrayList">
     <void method="add">
      <string>org.eclipse.jst.enterprise_ui.feature</string>
     </void>
     <void method="add">
      <string>org.eclipse.cvs</string>
     </void>
     <void method="add">
      <string>org.eclipse.egit</string>
     </void>
     <void method="add">
      <string>org.eclipse.buildship</string>
     </void>
     <void method="add">
      <string>org.eclipse.epp.logging.aeri.feature</string>
     </void>
     <void method="add">
      <string>org.eclipse.jpt.common.eclipselink.feature</string>
     </void>
     <void method="add">
      <string>org.eclipse.jpt.common.feature</string>
     </void>
     <void method="add">
      <string>org.eclipse.jpt.jaxb.feature</string>
     </void>
     <void method="add">
      <string>org.eclipse.jpt.jpa.eclipselink.feature</string>
     </void>
     <void method="add">
      <string>org.eclipse.jpt.jaxb.eclipselink.feature</string>
     </void>
     <void method="add">
      <string>org.eclipse.jsf.feature</string>
     </void>
     <void method="add">
      <string>org.eclipse.jst.jsf.apache.trinidad.tagsupport.feature</string>
     </void>
     <void method="add">
      <string>org.eclipse.jst.server_adapters.ext.feature</string>
     </void>
     <void method="add">
      <string>org.eclipse.jst.server_adapters.feature</string>
     </void>
     <void method="add">
      <string>org.eclipse.jst.server_ui.feature</string>
     </void>
     <void method="add">
      <string>org.eclipse.jst.web_ui.feature</string>
     </void>
     <void method="add">
      <string>org.eclipse.jst.webpageeditor.feature</string>
     </void>
     <void method="add">
      <string>org.eclipse.jst.ws.axis2tools.feature</string>
     </void>
     <void method="add">
      <string>org.eclipse.jst.ws.cxf.feature</string>
     </void>
     <void method="add">
      <string>org.eclipse.jst.ws.jaxws.dom.feature</string>
     </void>
     <void method="add">
      <string>org.eclipse.jst.ws.jaxws.feature</string>
     </void>
     <void method="add">
      <string>org.eclipse.m2e.logback.feature</string>
     </void>
     <void method="add">
      <string>org.eclipse.m2e.wtp.feature</string>
     </void>
     <void method="add">
      <string>org.eclipse.m2e.wtp.jaxrs.feature</string>
     </void>
     <void method="add">
      <string>org.eclipse.m2e.wtp.jpa.feature</string>
     </void>
     <void method="add">
      <string>org.eclipse.m2e.wtp.jsf.feature</string>
     </void>
     <void method="add">
      <string>org.eclipse.tm.terminal.feature</string>
     </void>
     <void method="add">
      <string>org.eclipse.wildwebdeveloper.feature</string>
     </void>
     <void method="add">
      <string>org.eclipse.wst.jsdt.feature</string>
     </void>
     <void method="add">
      <string>org.eclipse.wst.server_adapters.feature</string>
     </void>
     <void method="add">
      <string>org.eclipse.wst.web_ui.feature</string>
     </void>
     <void method="add">
      <string>org.eclipse.wst.xml.xpath2.processor.feature</string>
     </void>
     <void method="add">
      <string>org.eclipse.wst.xml_ui.feature</string>
     </void>
     <void method="add">
      <string>org.eclipse.wst.xsl.feature</string>
     </void>
     <void method="add">
      <string>org.eclipse.cft.server.ui.feature</string>
     </void>
     <void method="add">
      <string>org.eclipse.linuxtools.docker.feature</string>
     </void>
     <void method="add">
      <string>org.eclipse.m2e.feature</string>
     </void>
     <void method="add">
      <string>org.eclipse.mylyn.git</string>
     </void>
     <void method="add">
      <string>org.eclipse.mylyn.context_feature</string>
     </void>
     <void method="add">
      <string>org.eclipse.mylyn.ide_feature</string>
     </void>
     <void method="add">
      <string>org.eclipse.mylyn_feature</string>
     </void>
     <void method="add">
      <string>org.eclipse.tips.feature</string>
     </void>
    </object>
   </void>
   <void method="put">
    <string>http://marketplace.eclipse.org#1617241</string>
    <object class="java.util.ArrayList">
     <void method="add">
      <string>org.jboss.tools.usage.feature</string>
     </void>
     <void method="add">
      <string>org.eclipse.buildship</string>
     </void>
     <void method="add">
      <string>org.eclipse.linuxtools.docker.feature</string>
     </void>
     <void method="add">
      <string>org.eclipse.recommenders.snipmatch.rcp.feature</string>
     </void>
     <void method="add">
      <string>org.eclipse.wst.jsdt.chromium.debug.feature</string>
     </void>
     <void method="add">
      <string>org.eclipse.wst.jsdt.feature</string>
     </void>
     <void method="add">
      <string>org.eclipse.wst.json_core.feature</string>
     </void>
     <void method="add">
      <string>org.eclipse.wst.json_ui.feature</string>
     </void>
     <void method="add">
      <string>org.fusesource.ide.camel.editor.feature</string>
     </void>
     <void method="add">
      <string>org.fusesource.ide.core.feature</string>
     </void>
     <void method="add">
      <string>org.fusesource.ide.jmx.feature</string>
     </void>
     <void method="add">
      <string>org.fusesource.ide.server.extensions.feature</string>
     </void>
     <void method="add">
      <string>org.fusesource.ide.syndesis.extension.feature</string>
     </void>
     <void method="add">
      <string>org.hibernate.eclipse.feature</string>
     </void>
     <void method="add">
      <string>org.jboss.ide.eclipse.archives.feature</string>
     </void>
     <void method="add">
      <string>org.jboss.ide.eclipse.as.feature</string>
     </void>
     <void method="add">
      <string>org.jboss.tools.batch.feature</string>
     </void>
     <void method="add">
      <string>org.jboss.tools.cdi.deltaspike.feature</string>
     </void>
     <void method="add">
      <string>org.jboss.tools.cdi.feature</string>
     </void>
     <void method="add">
      <string>org.jboss.tools.community.project.examples.feature</string>
     </void>
     <void method="add">
      <string>org.jboss.tools.common.jdt.feature</string>
     </void>
     <void method="add">
      <string>org.jboss.tools.community.central.feature</string>
     </void>
     <void method="add">
      <string>org.jboss.tools.common.launcher.feature</string>
     </void>
     <void method="add">
      <string>org.jboss.tools.forge.ext.feature</string>
     </void>
     <void method="add">
      <string>org.jboss.tools.forge.feature</string>
     </void>
     <void method="add">
      <string>org.jboss.tools.forge.m2e.feature</string>
     </void>
     <void method="add">
      <string>org.jboss.tools.foundation.feature</string>
     </void>
     <void method="add">
      <string>org.jboss.tools.foundation.security.linux.feature</string>
     </void>
     <void method="add">
      <string>org.jboss.tools.fuse.transformation.feature</string>
     </void>
     <void method="add">
      <string>org.jboss.tools.jmx.feature</string>
     </void>
     <void method="add">
      <string>org.jboss.tools.jsf.feature</string>
     </void>
     <void method="add">
      <string>org.jboss.tools.jst.angularjs.feature</string>
     </void>
     <void method="add">
      <string>org.jboss.tools.jst.feature</string>
     </void>
     <void method="add">
      <string>org.jboss.tools.jst.jsdt.feature</string>
     </void>
     <void method="add">
      <string>org.jboss.tools.maven.apt.feature</string>
     </void>
     <void method="add">
      <string>org.jboss.tools.maven.cdi.feature</string>
     </void>
     <void method="add">
      <string>org.jboss.tools.maven.feature</string>
     </void>
     <void method="add">
      <string>org.jboss.tools.maven.hibernate.feature</string>
     </void>
     <void method="add">
      <string>org.jboss.tools.maven.jbosspackaging.feature</string>
     </void>
     <void method="add">
      <string>org.jboss.tools.maven.jdt.feature</string>
     </void>
     <void method="add">
      <string>org.jboss.tools.maven.project.examples.feature</string>
     </void>
     <void method="add">
      <string>org.jboss.tools.maven.sourcelookup.feature</string>
     </void>
     <void method="add">
      <string>org.jboss.tools.maven.springboot.feature</string>
     </void>
     <void method="add">
      <string>org.jboss.tools.openshift.cdk.feature</string>
     </void>
     <void method="add">
      <string>org.jboss.tools.openshift.egit.integration.feature</string>
     </void>
     <void method="add">
      <string>org.jboss.tools.openshift.feature</string>
     </void>
     <void method="add">
      <string>org.jboss.tools.openshift.js.feature</string>
     </void>
     <void method="add">
      <string>org.jboss.tools.project.examples.feature</string>
     </void>
     <void method="add">
      <string>org.jboss.tools.richfaces.feature</string>
     </void>
     <void method="add">
      <string>org.jboss.tools.runtime.core.feature</string>
     </void>
     <void method="add">
      <string>org.jboss.tools.stacks.core.feature</string>
     </void>
     <void method="add">
      <string>org.jboss.tools.vpe.feature</string>
     </void>
     <void method="add">
      <string>org.jboss.tools.websockets.feature</string>
     </void>
     <void method="add">
      <string>org.jboss.tools.ws.jaxrs.feature</string>
     </void>
     <void method="add">
      <string>org.jboss.tools.ws.jaxws.feature</string>
     </void>
     <void method="add">
      <string>org.jboss.tools.wtp.runtimes.tomcat.feature</string>
     </void>
    </object>
   </void>
   <void method="put">
    <string>http://marketplace.eclipse.org#2427135</string>
    <object class="java.util.ArrayList">
     <void method="add">
      <string>org.agileware.natural.cucumber.feature</string>
     </void>
     <void method="add">
      <string>org.agileware.natural.jbehave.feature</string>
     </void>
    </object>
   </void>
   <void method="put">
    <string>http://marketplace.eclipse.org#588773</string>
    <object class="java.util.ArrayList">
     <void method="add">
      <string>org.yakindu.sct</string>
     </void>
     <void method="add">
      <string>org.yakindu.sct.generator.c.feature.group</string>
     </void>
     <void method="add">
      <string>org.yakindu.sct.generator.cpp.feature.group</string>
     </void>
     <void method="add">
      <string>org.yakindu.sct.generator.java.feature.group</string>
     </void>
     <void method="add">
      <string>com.yakindu.sct.license.standard.feature.feature.group</string>
     </void>
    </object>
   </void>
   <void method="put">
    <string>http://marketplace.eclipse.org#2963400</string>
    <object class="java.util.ArrayList">
     <void method="add">
      <string>org.eclipse.wst.web_ui.feature</string>
     </void>
     <void method="add">
      <string>org.eclipse.wst.xml_ui.feature</string>
     </void>
     <void method="add">
      <string>org.eclipse.wst.jsdt.feature</string>
     </void>
     <void method="add">
      <string>org.eclipse.egit</string>
     </void>
     <void method="add">
      <string>org.eclipse.cvs</string>
     </void>
     <void method="add">
      <string>org.eclipse.wst.xsl.feature</string>
     </void>
     <void method="add">
      <string>org.eclipse.epp.logging.aeri.feature</string>
     </void>
     <void method="add">
      <string>org.eclipse.tm.terminal.feature</string>
     </void>
     <void method="add">
      <string>org.eclipse.wildwebdeveloper.feature</string>
     </void>
     <void method="add">
      <string>org.eclipse.wst.server_adapters.feature</string>
     </void>
     <void method="add">
      <string>org.eclipse.tips.feature</string>
     </void>
    </object>
   </void>
   <void method="put">
    <string>http://marketplace.eclipse.org#3956172</string>
    <object class="java.util.ArrayList">
     <void method="add">
      <string>org.jkiss.dbeaver.ext.debug.feature</string>
     </void>
    </object>
   </void>
   <void method="put">
    <string>http://marketplace.eclipse.org#3759385</string>
    <object class="java.util.ArrayList">
     <void method="add">
      <string>cucumber.eclipse.feature</string>
     </void>
    </object>
   </void>
   <void method="put">
    <string>http://marketplace.eclipse.org#3773475</string>
    <object class="java.util.ArrayList">
     <void method="add">
      <string>de.toem.impulse.ports.embedded.feature</string>
     </void>
    </object>
   </void>
   <void method="put">
    <string>http://marketplace.eclipse.org#3233881</string>
    <object class="java.util.ArrayList">
     <void method="add">
      <string>de.defmacro.dandelion.feature.sbcl.mac.intel</string>
     </void>
     <void method="add">
      <string>de.defmacro.dandelion.feature.clisp.mac.intel</string>
     </void>
     <void method="add">
      <string>de.defmacro.dandelion.feature.clisp.linux.x86</string>
     </void>
     <void method="add">
      <string>de.defmacro.dandelion.feature.clisp.mac.ppc</string>
     </void>
     <void method="add">
      <string>de.defmacro.dandelion.feature.clisp.win32.x86</string>
     </void>
     <void method="add">
      <string>de.defmacro.dandelion.feature.sbcl.linux.x86</string>
     </void>
     <void method="add">
      <string>de.defmacro.dandelion.feature.sbcl.win32.x86</string>
     </void>
     <void method="add">
      <string>de.defmacro.dandelion.feature.sbcl.mac.ppc</string>
     </void>
    </object>
   </void>
   <void method="put">
    <string>http://marketplace.eclipse.org#258988</string>
    <object class="java.util.ArrayList">
     <void method="add">
      <string>MCUbench</string>
     </void>
     <void method="add">
      <string>MCUchain</string>
     </void>
     <void method="add">
      <string>MCUprog</string>
     </void>
     <void method="add">
      <string>MCUhelp.binutils</string>
     </void>
     <void method="add">
      <string>MCUhelp.gcc</string>
     </void>
    </object>
   </void>
   <void method="put">
    <string>http://marketplace.eclipse.org#2604393</string>
    <object class="java.util.ArrayList">
     <void method="add">
      <string>org.earthsystemmodeling.cupid.feature</string>
     </void>
    </object>
   </void>
   <void method="put">
    <string>http://marketplace.eclipse.org#4706981</string>
    <object class="java.util.ArrayList">
     <void method="add">
      <string>io.snyk.scanner</string>
     </void>
    </object>
   </void>
   <void method="put">
    <string>http://marketplace.eclipse.org#1023</string>
    <object class="java.util.ArrayList">
     <void method="add">
      <string>com.vaadin.integration.eclipse</string>
     </void>
     <void method="add">
      <string>com.vaadin.designer2.eclipse</string>
     </void>
     <void method="add">
      <string>com.vaadin.designer.eclipse</string>
     </void>
    </object>
   </void>
  </void>
 </object>
</java>
